Song list,On 1000
Hi Ren,980
Down the Road,963
Dr. Meyers,960
Caskets,955
1 million subscribers,952
For Joe,950
"Money Game, Pt. 3",945
How To Be Me,940
Chalk Outlines,935
Vincent's Tale - Act I,932
Dominoes,922
Sick Boi,920
Hold On,918
Violet's Tale,915
Seven Sins,910
Mason Jar,905
Patience,900
Troubles,890
Money Game,883
Ocean,875
"Money Game, Pt. 2",870
Jenny's Tale,860
Smoking Gun,853
MadHouse,848
The Hunger,842
Kujo beat down,830
Vincent's Tale - Act III,820
It's Alright,800
Precious (Big Push),770
Back On 74 / Message in a Bottle,765
Murderer,760
Neurodivergent,755
Do You Believe,750
Tarantula,745
Dignity,742
Uninvited,740
Bongo Bong (Big Push),735
Pocket Full of Pain,732
Swan Song (Big Push),730
Screech's Tale,725
Lost All Faith,722
"Love Music, Pt. 4",720
Depression,718
Fire in the Booth,715
Heretic,710
Pink Heineken (Skinner Brothers),705
Run Away (Trick the Fox),702
Losing It,700
Illest Of Our Time,698
Oh my woman!,697
Praise You (Big Push),696
Crutch,695
Slaughter House,692
Humble,690
What Does Your Love Look Like? (Token),689
Penitence,688
Money Ties,685
Suic*de,680
CTRL ALT DELETE (Skinner Brothers),678
Halftime,675
Freckled Angels,672
Mackay,670
"Love Music, Pt. 2",668
"Right Here, Right Now",666
End of the World,665
Asylum,662
Everybody Drops,661
Lost Boy (Trick the Fox),660
1990s,655
Truth Or Dare (Skinner Brothers),653
Biitersweet Symphony,650
Crucify Your Culture,649
Fire,647
Instigator,646
War Pigs (Big Push),645
Sweet Little Lady,642
Wild place,641
Dumb King Come,640
Silence,639
Satellite Girl,638
Vincent's Tale - 03 - The Bedroom,637
All my life,635
Life is Funny,633
Vincent's Tale - 01 - Sunflowers - Prologue,632
Ready For You,630
Insomnia,628
"Love Music, Pt. 3",626
Hush Now,625
Vincent's Tale - 02 - Self Portrait,623
Animal Flow,620
Pixie,618
Bad Company,615
Baggage,612
Me and My Monster,610
Fred Again Mash Up,608
Englishman in New York (Big Push),607
Loco,605
All my heroes,602
Genesis,600
Knock me down,598
Blind Eyed,595
Power Of Unity,592
Icarus,590
"Love Music, Pt. 1",585
Diazepam,570
Wicked Ways,565
Street Lights (Trick the Fox),562
Meaning,560
Jessica,555
Down On The Beat,550
Dear God,540
Castles Made of Sand,535
Power,530
The Four Elements (Trick The Fox),520
Pain Salesmen,510
Ahiahiahohah,500
Vincent's Tale - Act II,490
Come Closer,480
What You Want,475
r,460
Make My Way,450
I shot the sheriff (Big Push),440
Why My Woman (Big Push),430
Dream Life (Skinner Brothers),425
16 bar challenge,420
Masochist,415
Bullet,410
Lunatic Lullaby,405
"Sick Boi, Pt. 2",400
GIRLS!,390
What went wrong,380
What went wrong II,370
Children of the moon,360
French Song,350
Two's On a Cigarette (Skinner Brothers),330
Eden,300
Richard's Tale - Acceptance,
Richard's Tale - Locked Up,
Richard's Tale - Set The Scene,
Richard's Tale - The Five Stages of Grief,
So The Story Goes (Skinner Brothers),
Vincent's Tale - 04 - The First Night,
Vincent's Tale - 05 - The Second Night,
Vincent's Tale - 06 - The Third Night,
Wade in the water (Big push),
