title,album,song_release_date,album_release_date,collaborators,youtube_url
Asylum (Inpatient),Asylum,,2026-01-01,,https://www.youtube.com/watch?v=K9T6ASpDtVI
Bad Company (Inpatient),Asylum,,2026-01-01,,https://www.youtube.com/watch?v=IImkLCKxAcs
Caskets (Inpatient),Asylum,,2026-01-01,,https://www.youtube.com/watch?v=Hd19DLlHA7w
Down the Road (Inpatient),Asylum,,2026-01-01,,https://www.youtube.com/watch?v=6jPLEVrL4BI
Dr. Meyers (Inpatient),Asylum,,2026-01-01,,https://www.youtube.com/watch?v=GKTthHxp9_A
End of the World (Inpatient),Asylum,,2026-01-01,,https://www.youtube.com/watch?v=O7ICrxgpmlI
Instigator (Inpatient),Asylum,,2026-01-01,,https://www.youtube.com/watch?v=uoIlEWKReqE
Lunatic Lullaby (Inpatient),Asylum,,2026-01-01,,https://www.youtube.com/watch?v=ExIP3rlANp0
MadHouse (Inpatient),Asylum,,2026-01-01,,https://www.youtube.com/watch?v=7meWEiJEHeI
Mason Jar (Inpatient),Asylum,,2026-01-01,,https://www.youtube.com/watch?v=cGo0pVcUt5o
Me and My Monster (Inpatient),Asylum,,2026-01-01,,https://www.youtube.com/watch?v=ZU0yRhvoQj8
Neurodivergent (Inpatient),Asylum,,2026-01-01,,https://www.youtube.com/watch?v=7y4MUCCHFGY
Richard's Tale - Acceptance,Vincent's Tale,,2026-01-01,,https://www.youtube.com/watch?v=YFIwZZUSZWw
Richard's Tale - Locked Up,Vincent's Tale,,2026-01-01,,https://www.youtube.com/watch?v=34eTNYltBpc
Richard's Tale - Set The Scene,Vincent's Tale,,2026-01-01,,https://www.youtube.com/watch?v=wq6Ldhjgn30
Richard's Tale - The Five Stages of Grief,Vincent's Tale,,2026-01-01,,https://www.youtube.com/watch?v=8wcAN3iloAc
Silence (Inpatient),Asylum,,2026-01-01,,https://www.youtube.com/watch?v=A27AV1iHl_Q
Smoking Gun (Inpatient),Asylum,,2026-01-01,,https://www.youtube.com/watch?v=O431N-XdZpQ
Tarantula (Inpatient),Asylum,,2026-01-01,,https://www.youtube.com/watch?v=0DTrjpIb4QI
Vincent's Tale - 01 - Sunflowers - Prologue,Vincent's Tale,,2026-01-01,,https://www.youtube.com/watch?v=vZ1MnVHARME
Vincent's Tale - 02 - Self Portrait,Vincent's Tale,,2026-01-01,,https://www.youtube.com/watch?v=d-myXdYvu3w
Vincent's Tale - 03 - The Bedroom,Vincent's Tale,,2026-01-01,,https://www.youtube.com/watch?v=Xu8Xm4gpDP8
Vincent's Tale - Act I,Vincent's Tale,,2026-01-01,,https://www.youtube.com/watch?v=jWoCxavSQ2g
Vincent's Tale - Act II,Vincent's Tale,,2026-01-01,,https://www.youtube.com/watch?v=FDS2h4zU-vQ
Vincent's Tale - Act III,Vincent's Tale,,2026-01-01,,https://www.youtube.com/watch?v=XG1PEvsATKM
Vincent's Tale - Act IV,Vincent's Tale,,2026-01-01,,https://www.youtube.com/watch?v=sa5qZgNM014
CTRL ALT DELETE (Skinner Brothers),Sick Sick Soul Vol. 1,,2025-01-01,,https://www.youtube.com/watch?v=X--PXyB1Zw0
Dream Life (Skinner Brothers),Sick Sick Soul Vol. 1,,2025-01-01,,https://www.youtube.com/watch?v=0HhRNbZ0wRY
Pink Heineken (Skinner Brothers),Sick Sick Soul Vol. 1,,2025-01-01,,https://www.youtube.com/watch?v=Ra8gSw7Djvo
So The Story Goes (Skinner Brothers),Sick Sick Soul Vol. 1,,2025-01-01,,https://www.youtube.com/watch?v=u1qtyMPokZM
Truth Or Dare (Skinner Brothers),Sick Sick Soul Vol. 1,,2025-01-01,,https://www.youtube.com/watch?v=FmaBhsRfhIw
Two's On a Cigarette (Skinner Brothers),Sick Sick Soul Vol. 1,,2025-01-01,,https://www.youtube.com/watch?v=1WCfWxgEY8E
Animal Flow,Sick Boi (Digital Deluxe),,2023-01-01,,https://www.youtube.com/watch?v=F4mUnmFbVNg
Castles Made of Sand,Sick Boi (Digital Deluxe),,2023-01-01,,https://soundcloud.com/ethan-fearn/ren-18-castles-made-of-sand
Down On The Beat,Sick Boi (Digital Deluxe),,2023-01-01,,https://www.youtube.com/watch?v=XjN7TZh-UY0
Genesis,Sick Boi (Digital Deluxe),,2023-01-01,,https://www.youtube.com/watch?v=YzsTdLIcbzU
Illest Of Our Time,Sick Boi (Digital Deluxe),,2023-01-01,,https://www.youtube.com/watch?v=tB-JGSdBerE
Loco,Sick Boi (Digital Deluxe),,2023-01-01,,https://www.youtube.com/watch?v=AFl2tn7Ty2k
Lost All Faith,Sick Boi (Digital Deluxe),,2023-01-01,,https://www.youtube.com/watch?v=hVuTGHClU_A
"Love Music, Pt. 4",Sick Boi (Digital Deluxe),,2023-01-01,,https://www.youtube.com/watch?v=INheMTgUsuI
Masochist,Sick Boi (Digital Deluxe),,2023-01-01,,https://www.youtube.com/watch?v=OKST_i7Caxw
"Money Game, Pt. 3",Sick Boi (Digital Deluxe),,2023-01-01,,https://www.youtube.com/watch?v=nyWbun_PbTc
Murderer,Sick Boi (Digital Deluxe),,2023-01-01,,https://www.youtube.com/watch?v=hscHqw7CIFo
Seven Sins,Sick Boi (Digital Deluxe),,2023-01-01,,https://www.youtube.com/watch?v=bXS2MF5XW60
Sick Boi,Sick Boi (Digital Deluxe),,2023-01-01,,https://www.youtube.com/watch?v=3Q6uCrpzbPY
"Sick Boi, Pt. 2",Sick Boi (Digital Deluxe),,2023-01-01,,https://www.youtube.com/watch?v=D-dzHgxoDEw
Suic*de,Sick Boi (Digital Deluxe),,2023-01-01,,https://www.youtube.com/watch?v=n3JNtfi4Vb0
The Hunger,Sick Boi (Digital Deluxe),,2023-01-01,,https://www.youtube.com/watch?v=1T_fLytBFM4
Uninvited,Sick Boi (Digital Deluxe),,2023-01-01,,https://www.youtube.com/watch?v=rXxVv1zxNeM
What You Want,Sick Boi (Digital Deluxe),,2023-01-01,,https://www.youtube.com/watch?v=jrjp4Du0rEc
Wicked Ways,Sick Boi (Digital Deluxe),,2023-01-01,,https://www.youtube.com/watch?v=P5xz57kmgHA
Violet's Tale,Violet's Tale,,2022-01-01,,https://www.youtube.com/watch?v=a4R9Vk5_CbU
Ahiahiahohah (w/ Bibi),"Demos (Do Not Share), Vol. I",,2020-01-01,,https://www.youtube.com/watch?v=UkLW_zeIX_s
Crucify Your Culture,"Demos (Do Not Share), Vol. II",,2020-01-01,,https://www.youtube.com/watch?v=LfS41H29asw
Dear God,"Demos (Do Not Share), Vol. I",,2020-01-01,,https://www.youtube.com/watch?v=uOiB2AYUdMQ
Depression,"Demos (Do Not Share), Vol. II",,2020-01-01,,https://www.youtube.com/watch?v=VCZj2w0iXO8
Diazepam,"Demos (Do Not Share), Vol. II",,2020-01-01,,https://www.youtube.com/watch?v=SYto6vfUwXo
Everybody Drops,"Demos (Do Not Share), Vol. II",,2020-01-01,,https://www.youtube.com/watch?v=xG6ckC1Q4eU
French Song (w/ Romain Axisa),"Demos (Do Not Share), Vol. I",,2020-01-01,,https://www.youtube.com/watch?v=BxnzQbDIh5A
Heretic,"Demos (Do Not Share), Vol. II",,2020-01-01,,https://www.youtube.com/watch?v=wukFdoXRZKM
Hold On,"Demos (Do Not Share), Vol. I",,2020-01-01,,https://www.youtube.com/watch?v=n7jsWZmHhcM
Insomnia,"Demos (Do Not Share), Vol. II",,2020-01-01,,https://www.youtube.com/watch?v=IBgp2OX7hYs
Life is Funny,"Demos (Do Not Share), Vol. I",,2020-01-01,,https://www.youtube.com/watch?v=rV8U73JHs0Q
"Love Music, Pt. 3","Demos (Do Not Share), Vol. I",,2020-01-01,,https://www.youtube.com/watch?v=OjElKx6q2Wc
"Money Game, Pt. 2","Demos (Do Not Share), Vol. I",,2020-01-01,,https://www.youtube.com/watch?v=YonS9_QJbp8
Ocean (w/ Eden Nash),"Demos (Do Not Share), Vol. I",,2020-01-01,,https://www.youtube.com/watch?v=xoi7pI0zGPA
Penitence (w/ Molly McKinna),"Demos (Do Not Share), Vol. II",,2020-01-01,,https://www.youtube.com/watch?v=R-7UHDoKlMw
Ready For You,"Demos (Do Not Share), Vol. II",,2020-01-01,,https://www.youtube.com/watch?v=PdPVzKTJWXI
Jenny's Tale,The Tale of Jenny & Screech,,2019-09-18,,https://www.youtube.com/watch?v=TYAnqQ--KX0
Screech's Tale,The Tale of Jenny & Screech,,2019-09-18,,https://www.youtube.com/watch?v=TYAnqQ--KX0
1990s,Freckled Angels,2015-12-28,2016-01-01,,https://www.youtube.com/watch?v=J2H7wDR9eTU
Bullet,Freckled Angels,2015-12-28,2016-01-01,,https://www.youtube.com/watch?v=7_e54DPscfg
Crutch (w/ Bibi),Freckled Angels,,2016-01-01,,https://www.youtube.com/watch?v=3gC2kq6E5Mo
Dominoes,Freckled Angels,2015-12-28,2016-01-01,,https://www.youtube.com/watch?v=bbbjWEnC3Gc
Fire,Freckled Angels,2015-12-28,2016-01-01,,https://www.youtube.com/watch?v=MZri14oE4Co
Freckled Angels,Freckled Angels,2015-12-28,2016-01-01,,https://www.youtube.com/watch?v=xRm7DV8jObg
It's Alright,Freckled Angels,2015-12-28,2016-01-01,,https://www.youtube.com/watch?v=hCsQDY8A6og
"Love Music, Pt. 1",Freckled Angels,2015-12-28,2016-01-01,,https://www.youtube.com/watch?v=7KejhE8xQHg
"Love Music, Pt. 2",Freckled Angels,2015-12-28,2016-01-01,,https://www.youtube.com/watch?v=XAvFmlLtCA4
Make My Way,Freckled Angels,2015-12-28,2016-01-01,,https://www.youtube.com/watch?v=xOChAV1KueU
Meaning,Freckled Angels,2015-12-28,2016-01-01,,https://www.youtube.com/watch?v=_KP9PhJ3Nlg
Pixie,Freckled Angels,2015-12-28,2016-01-01,,https://www.youtube.com/watch?v=dOsIJ3_h7Ik
Pocket Full of Pain,Freckled Angels,2015-12-28,2016-01-01,,https://www.youtube.com/watch?v=f92DEPX6bcg
Satellite Girl,Freckled Angels,2015-12-28,2016-01-01,,https://www.youtube.com/watch?v=y22m3KksPRw
Street Lights,Freckled Angels,,2016-01-01,,https://www.youtube.com/watch?v=4k9DMLxRylI
Breakdown,Love Music,2015-03-19,2015-01-01,,https://www.youtube.com/watch?v=GLhmWMy0emY
Can't Stop Me,Love Music,2015-03-19,2015-01-01,,https://www.youtube.com/watch?v=lyWoZ-_CoMI
Come Closer,Love Music,,2015-01-01,,https://www.youtube.com/watch?v=bSDjAbYJWP8
Earned It / Man's World / Falling,Love Music,2015-03-19,2015-01-01,Sam Tompkins,https://www.youtube.com/watch?v=d8nBzrhd8Ro
Falling,Love Music,,2015-01-01,,https://www.youtube.com/watch?v=rgGYLsviQMY
Got to Run,Love Music,2015-03-19,2015-01-01,,https://www.youtube.com/watch?v=KNhyY774ou8
Hush Now,Love Music,,2015-01-01,,https://www.youtube.com/watch?v=HYNYUgvqcr0
If I Leave Tonight,Love Music,2015-03-19,2015-01-01,,https://www.youtube.com/watch?v=reM-6D4C1Jg
Knock me down,Love Music,,2015-01-01,,https://www.youtube.com/watch?v=wMMrT7DIA44
Living Room Poetry,Love Music,2015-03-19,2015-01-01,,https://www.youtube.com/watch?v=Gov2_mI-wyo
Lost Boy (Trick the Fox),Love Music,,2015-01-01,,https://www.youtube.com/watch?v=Z-lfDYwtHPM
New York City,Love Music,2015-03-19,2015-01-01,,https://www.youtube.com/watch?v=d4Nfr6hKies
Okay In The Morning,Love Music,2015-03-19,2015-01-01,,https://www.youtube.com/watch?v=U8hx54ZVeQA
Rockstar,Love Music,2015-03-19,2015-01-01,,https://www.youtube.com/watch?v=Ei9lr-wDvTY
Run Away (Trick the Fox),Love Music,,2015-01-01,,https://www.youtube.com/watch?v=p8MuNCCzH2o
She Makes The World,Love Music,2015-03-19,2015-01-01,,https://www.youtube.com/watch?v=z3qZq1WFxNI
The Four Elements (Trick The Fox),Love Music,,2015-01-01,,https://www.youtube.com/watch?v=ENbN6FDs7pY
Wild place,Love Music,,2015-01-01,,https://www.youtube.com/watch?v=B5g0dAh3p2I
1 million subscribers,,,,,https://www.youtube.com/watch?v=0GeheniEoNg
16 bar challenge,,,,,https://www.youtube.com/watch?v=lwYm0sip6Vw
Acustarus (The Big Push),,,,The Big Push,https://www.youtube.com/watch?v=azs5cn5Orq8
All my heroes (The Big Push),,,,,https://www.youtube.com/watch?v=ESd5YihFvis
All my life,,,,,https://www.youtube.com/watch?v=mViaIY98gUA
Back On 74 / Message in a Bottle,,,,,https://www.youtube.com/watch?v=oqRaADSdJLE
Baggage (w/ Chris Webby),,,,,https://www.youtube.com/watch?v=R_3cwR1P8U4
Bittersweet Symphony (The Verve),,,,,https://www.youtube.com/watch?v=JwtEOp7pC1A
Blind Eyed (w/ Sam Tompkins),,,,,https://www.youtube.com/watch?v=OxtnGteyJLg
Bongo Bong (The Big Push),,,,,https://www.youtube.com/watch?v=EQAUupOFarw
Chalk Outlines (w/ Chinchilla),,,,,https://www.youtube.com/watch?v=4Vn_N5IHHoc
Children of the moon,,,,,https://www.youtube.com/watch?v=6e4Abttm0Fs
Dignity,,,,,https://www.youtube.com/watch?v=3E37nzXX-4g
Do You Believe,,,,,https://www.youtube.com/watch?v=EGgowW6AOyw
Dumb King Come,,,,,https://www.youtube.com/watch?v=gcVUnFisx_Q
Eden,,,,,https://www.youtube.com/watch?v=NdSLsRKnafI
Englishman in New York (The Big Push),,,,,https://www.youtube.com/watch?v=ZI9Q295iJl4
Fentanyl (w/ Knox Hill),,,,Knox Hill,https://www.youtube.com/watch?v=r_QntRsLUuQ
Fire in the Booth,,,,,https://www.youtube.com/watch?v=YHRDWotdCfE
For Joe,,,,,https://www.youtube.com/watch?v=ebX5ZvrT6-o
Fred Again Mash Up,,,,,https://www.youtube.com/watch?v=8ASggnoga9Q
GIRLS!,,,,,https://www.youtube.com/watch?v=ZDRqITGHhMU
Girls Just Want to Have Fun (The Big Push),,,,The Big Push,https://www.youtube.com/watch?v=OqEHMinvxMk
Guns of Brixton (The Big Push),,,,The Big Push,https://www.youtube.com/watch?v=wC9KrhHBOw8
Gutter (w/ venbee),,,,venbee,https://www.youtube.com/watch?v=305Gjh9wBc4
Halftime,,,,,https://www.youtube.com/watch?v=e3_KfTO7dfw
Heart Attack,,,,,https://www.youtube.com/watch?v=aBJmZ51VgNM
Hi Ren,,,,,https://www.youtube.com/watch?v=s_nc1IVoMxc
Higher Grounds (The Big Push),,,,The Big Push,https://www.youtube.com/watch?v=CQCSDq7y_wM
How To Be Me (w/ Chinchilla),,,,,https://www.youtube.com/watch?v=3IhoPpHYXjo
Humble,,,,,https://www.youtube.com/watch?v=PO9UC2Zt59c
I shot the sheriff (The Big Push),,,,,https://www.youtube.com/watch?v=uSeCuR51rek
Icarus,,,,,https://www.youtube.com/watch?v=Yo9fjMywmmk
Jessica (w/ Jimmy Sharp),,,,,https://www.youtube.com/watch?v=zU_GnJdT_Fk
Knockin' on Heaven's Door,,,,,https://www.youtube.com/watch?v=RwqY3acBleo
Kujo beat down,,,,,https://www.youtube.com/watch?v=it_hPbqcYOA
Losing It,,,,,https://www.youtube.com/watch?v=mLvAGjhDssc
Mackay,,,,,https://www.youtube.com/watch?v=TDrFh9RnpQ4
Mambo No. 5 (The Big Push),,,,The Big Push,https://www.youtube.com/watch?v=3e-P8pFFpiI
Mannequin,,,,,https://www.youtube.com/watch?v=yu1jhwNrryY
Money Game,,,,,https://www.youtube.com/watch?v=0ivQwwgW4OY
Money Ties,,,,,https://www.youtube.com/watch?v=Uq3Z6D74dSA
My Generation (The Big Push),,,,The Big Push,https://www.youtube.com/watch?v=OGJxccarvkE
Oh my woman!,,,,,https://www.youtube.com/watch?v=bVvA7VOU0MI
Pain Salesmen (w/ PROF),,,,,https://www.youtube.com/watch?v=V34z9cQQIG4
Paint It Black (The Big Push),,,,The Big Push,https://www.youtube.com/watch?v=9MkngQ2ojT4
Passenger / Kids (The Big Push),,,,The Big Push,https://www.youtube.com/watch?v=fPVQsVG91Jc
Patience,,,,,https://www.youtube.com/watch?v=M8FjMOoJECY
Power,,,,,https://www.youtube.com/watch?v=6_hnhVDtzTY
Power Of Unity,,,,,https://www.youtube.com/watch?v=VLjOLarLE9s
Praise You (Big Push),,,,,https://www.youtube.com/watch?v=5vbA514eVDc
Precious (The Big Push),,,,,https://www.youtube.com/watch?v=Bv-eBPJJBqk
"Right Here, Right Now",,,,,https://www.youtube.com/watch?v=yVaJUdllr3c
Round Town (Skit) (w/ Chinchilla),,,,Chinchilla,https://www.youtube.com/watch?v=Keg_hsAs2xw
Sexual Healing (w/ Chinchilla),,,,Chinchilla,https://www.youtube.com/watch?v=kAzVVbsAgk0
Slaughter House (w/ Kit),Slaughter House,,,,https://www.youtube.com/watch?v=_fTylzY3RsU
Swan Song (The Big Push),,,,,https://www.youtube.com/watch?v=2AFA4sF69mY
Sweet Little Lady (The Big Push),,,,,https://www.youtube.com/watch?v=X9gOvRAZ1jM
Sympathy for the Devil (The Big Push),,,,The Big Push,https://www.youtube.com/watch?v=i6tGeUVCw3g
These Boots Are Made for Walkin' (The Big Push),,,,The Big Push,https://www.youtube.com/watch?v=ZlJ0wSzBWKw
Troubles,,,,,https://www.youtube.com/watch?v=pt7Bpy27d1M
Wade in the water (The Big push),,,,,https://www.youtube.com/watch?v=DbL7Frf6nJI
War Pigs (The Big Push),,,,,https://www.youtube.com/watch?v=azAD9KE9HKE
Watch Out (The Big Push),,,,,https://www.youtube.com/watch?v=fPb1VYSgUAg
What Does Your Love Look Like? (w/ Token),,,,,https://www.youtube.com/watch?v=h4x-qbRs5Jc
What Kind of Woman Is This? (The Big Push),,,,The Big Push,https://www.youtube.com/watch?v=8Rpbg9FG1-o
What went wrong,,,,,https://www.youtube.com/watch?v=jmOdhbC6BZc
What went wrong II,,,,,https://www.youtube.com/watch?v=pqfGZ8IRCXk
Why My Woman (Big Push),,,,,https://www.youtube.com/watch?v=fYcAbOGVg3s
Wildfire,,,,,https://www.youtube.com/watch?v=bEVfqR5PJE8
Xbox Marijuana,,,,,https://www.youtube.com/watch?v=h85ekdgaiPg